strategy,universe,hit_ratio,risk_reward,avg_gain,avg_loss,max_gain,max_loss,buys,sells,trades,N,expectancy,profit_factor
test_0.35_0.75,Micro1,16.809114462436856,0.6034629170626484,0.29326299054032456,0.20295721774939465,0.8088471849865958,-0.45989276139410196,4.597855227882038,0.021447721179624665,3.7828418230563003,373,25.276738655756912,659.8005909940393
test_0.35_0.8,Micro1,16.809114462436856,0.6034629170626484,0.29326299054032456,0.20295721774939465,0.8088471849865958,-0.45989276139410196,4.597855227882038,0.0160857908847185,3.7828418230563003,373,25.276738655756912,659.8005909940393
test_0.35_0.7,Micro1,17.06231672636298,0.6019883036895187,0.2939868511301369,0.2036328209665528,0.809571045576408,-0.46270777479892755,4.597855227882038,0.03753351206434316,3.7882037533512065,373,25.282966537794444,659.7984609969448
test_0.35_0.65,Micro1,17.745962838963518,0.5945810668025289,0.2975212568495292,0.2200328805435561,0.8131099195710461,-0.48495978552278834,4.597855227882038,0.1126005361930295,3.8203753351206435,373,25.977549073221486,649.0780401082783
test_0.35_0.75,Micro2,18.688331158738897,0.5565369012992485,0.22878500314800895,0.16444949228475714,0.62817880794702,-0.36662251655629136,4.933774834437086,0.009933774834437087,4.072847682119205,302,16.962550271724194,682.1386842351883
test_0.35_0.8,Micro2,18.688331158738897,0.5565369012992485,0.22878500314800895,0.16444949228475714,0.62817880794702,-0.36662251655629136,4.933774834437086,0.006622516556291391,4.072847682119205,302,16.962550271724194,682.1386842351883
test_0.35_0.7,Micro2,19.019456986553468,0.5565369012992485,0.22962937400893618,0.1652110816887306,0.6291390728476823,-0.36738410596026483,4.933774834437086,0.046357615894039736,4.082781456953643,302,16.962550271724194,678.8307372153207
test_0.35_0.6,Micro1,19.46971123831514,0.703393260288521,0.31080275819001174,0.23645245158913245,0.8324664879356571,-0.5128954423592493,4.597855227882038,0.27882037533512066,3.932975871313673,373,26.562446772930176,606.3231276976243
test_0.35_0.65,Micro2,19.634373790643895,0.5636189167812928,0.23734791705529384,0.17933083886312357,0.6368874172185431,-0.38192052980132446,4.933774834437086,0.09602649006622517,4.112582781456954,302,17.955456184436105,665.6044659712868
test_0.3_0.75,Micro1,21.643407209719204,0.7986355171145094,0.34828561768566185,0.2381973506796086,1.1399463806970511,-0.5404825737265418,6.7882037533512065,0.021447721179624665,5.680965147453083,373,27.377852554842907,571.4085784966725
test_0.3_0.8,Micro1,21.643407209719204,0.7986355171145094,0.34828561768566185,0.2381973506796086,1.1399463806970511,-0.5404825737265418,6.7882037533512065,0.0160857908847185,5.680965147453083,373,27.377852554842907,571.4085784966725
test_0.3_0.7,Micro1,21.90291088745344,0.7969620413527446,0.3490094782754742,0.25459671873782386,1.1406702412868635,-0.559276139410188,6.7882037533512065,0.03753351206434316,5.689008042895442,373,27.384641522131204,568.7287491778159
test_0.7_0.4,Micro2,22.251234523201646,0.6065144621464734,0.12217766592311294,0.10791436240360078,0.2788741721854304,-0.2170860927152318,0.029801324503311258,3.993377483443709,3.2086092715231787,302,9.833604165288818,626.1660381361587
test_0.75_0.4,Micro2,22.251234523201646,0.6065144621464734,0.12217766592311294,0.10791436240360078,0.2788741721854304,-0.2170860927152318,0.026490066225165563,3.993377483443709,3.2086092715231787,302,9.833604165288818,626.1660381361587
test_0.8_0.4,Micro2,22.251234523201646,0.6065144621464734,0.12217766592311294,0.10791436240360078,0.2788741721854304,-0.2170860927152318,0.023178807947019868,3.993377483443709,3.2086092715231787,302,9.833604165288818,626.1660381361587
test_0.3_0.75,Micro2,22.514624092341037,0.7253285374735939,0.2588702708814826,0.6366924687456195,0.7203311258278148,-1.0068211920529797,7.400662251655629,0.009933774834437087,6.145695364238411,302,21.243964180076027,583.098372164015
test_0.3_0.8,Micro2,22.514624092341037,0.7253285374735939,0.2588702708814826,0.6366924687456195,0.7203311258278148,-1.0068211920529797,7.400662251655629,0.006622516556291391,6.145695364238411,302,21.243964180076027,583.098372164015
test_0.65_0.4,Micro2,22.582360351016217,0.6065144621464734,0.1230496306030246,0.11834482597975975,0.2801655629139072,-0.22751655629139067,0.0695364238410596,3.993377483443709,3.225165562913907,302,9.833604165288818,619.5501440964237
test_0.3_0.7,Micro2,22.84574992015561,0.7253285374735939,0.25971464174240977,0.6375533958979374,0.7212913907284769,-1.0076821192052976,7.400662251655629,0.046357615894039736,6.158940397350993,302,21.243964180076027,576.48247812428
test_0.35_0.6,Micro2,23.00652040782363,0.6408493783787651,0.24537495899789866,0.19010456954745036,0.6512251655629141,-0.4116556291390726,4.933774834437086,0.3211920529801324,4.26158940397351,302,18.528299851806267,639.3265608047087
test_0.3_0.65,Micro1,23.246456301480023,0.7157146138149045,0.351295001063678,0.26280552467719265,1.1443163538873997,-0.5804557640750673,6.7882037533512065,0.1126005361930295,5.726541554959786,373,27.549344135628587,566.0708186469666
test_0.3_0.65,Micro2,23.48753969770697,0.7340033738100483,0.2674271141485907,0.651556864835181,0.729039735099338,-1.0219205298013239,7.400662251655629,0.09271523178807947,6.188741721854305,302,22.24014289098984,563.2595100043017
test_0.35_0.55,Micro1,23.566655971200582,0.7272148670463724,0.3225656417169704,0.26352394399306445,0.8580160857908855,-0.5783914209115283,4.597855227882038,0.6434316353887399,4.2171581769437,373,28.30612544670693,552.7722701070668
test_0.35_0.5,Micro1,24.5927255227393,0.7706567383909174,0.32497880823469444,0.271841191535513,0.8571045576407514,-0.5964611260053623,4.597855227882038,0.7962466487935657,4.351206434316354,373,28.923323550658385,526.0218099593804
test_0.6_0.4,Micro2,24.60130810671894,0.6137740001433414,0.14106066813061838,0.14846623878329168,0.29937086092715226,-0.2749668874172186,0.17218543046357615,3.993377483443709,3.2781456953642385,302,11.178637277871598,609.6402655930891
test_0.3_0.6,Micro1,24.75267572995145,0.8257138190617144,0.3612545312564524,0.2778751021060194,1.1571313672922254,-0.6087131367292227,6.7882037533512065,0.27882037533512066,5.841823056300268,373,28.2504073641784,526.004711637672
test_0.25_0.75,Micro1,24.969643453699998,0.7630867231387963,0.33929722411615737,0.27783747683233884,1.2167560321715813,-0.6769436997319035,9.876675603217159,0.01876675603217158,8.458445040214476,373,27.715205816081095,493.56505909798767
test_0.25_0.8,Micro1,24.969643453699998,0.7630867231387963,0.33929722411615737,0.2774889513631699,1.2167560321715813,-0.6765951742627346,9.876675603217159,0.013404825737265416,8.455764075067025,373,27.715205816081095,496.2433432802933
test_0.25_0.7,Micro1,25.230080068024012,0.7614346372454968,0.34002108470596965,0.28278758109209456,1.2174798927613937,-0.6915013404825737,9.876675603217159,0.03485254691689008,8.466487935656836,373,27.72396267807522,493.5635139614366
test_0.3_0.6,Micro2,26.227259506963208,0.8358154742264177,0.2710170699984804,0.6713004525572457,0.7399337748344373,-1.0628476821192046,7.400662251655629,0.31788079470198677,6.3509933774834435,302,22.844260861135954,533.7070281595234
test_0.4_0.45,Micro1,26.261863279729052,0.6364588649295017,0.40773380022473027,0.3088407681910927,0.9254691689008044,-0.5873458445040213,2.517426273458445,1.8123324396782843,3.359249329758713,373,30.194796775984887,563.3030515114127
test_0.35_0.55,Micro2,26.312745008318306,0.6664690859420629,0.25227396920402806,0.2154540578075346,0.671721854304636,-0.4751655629139075,4.933774834437086,0.7748344370860927,4.599337748344371,302,19.68079607312022,589.7131661836972
test_0.25_0.65,Micro1,26.492417350168086,0.7131099611606881,0.3423720358102719,0.292249060975897,1.2213941018766752,-0.7173190348525468,9.876675603217159,0.10991957104557641,8.509383378016086,373,27.94243226318094,490.88985232956446
test_0.5_0.4,Micro1,26.502704468832068,0.6518499548014575,0.5125292051364733,0.21838278224605298,0.7620643431635388,-0.3569168900804291,0.5603217158176944,3.479892761394102,3.0804289544235925,373,29.454013578666306,593.1005226176873
test_0.25_0.75,Micro2,26.527110338137373,0.8056392724303432,0.4360596383434573,0.4281967170138514,1.0066887417218544,-0.9227152317880785,10.440397350993377,0.009933774834437087,8.834437086092715,302,32.98674086135128,497.0539499015988
test_0.25_0.8,Micro2,26.527110338137373,0.8056392724303432,0.4360596383434573,0.4281967170138514,1.0066887417218544,-0.9227152317880785,10.440397350993377,0.006622516556291391,8.834437086092715,302,32.98674086135128,497.0539499015988
test_0.25_0.7,Micro2,26.858236165951944,0.8056392724303432,0.43690400920438444,0.4310443991330568,1.0076490066225166,-0.9276490066225156,10.440397350993377,0.046357615894039736,8.850993377483444,302,32.98674086135128,493.7460028817313
test_0.8_0.35,Micro1,27.321989431999427,0.8772082394305449,0.25322752645593843,0.19652286192136492,0.43493297587131374,-0.34935656836461143,0.005361930294906166,6.396782841823057,5.091152815013404,373,15.478028596476197,515.8759757327564
test_0.55_0.4,Micro2,27.43089757538126,0.7670923756674554,0.2847012962662797,0.22401259639918586,0.46562913907284753,-0.3600993377483446,0.5198675496688742,3.993377483443709,3.566225165562914,302,15.678813514438566,540.3977184114929
test_0.35_0.5,Micro2,27.45422074632442,0.7493191690749642,0.2929042335313122,0.24085545589436316,0.7537417218543049,-0.5250000000000005,4.933774834437086,0.956953642384106,4.751655629139073,302,21.55152588242216,556.8928467963225
test_0.25_0.65,Micro2,27.502480166984018,0.8154835928030674,0.44462192153487956,0.45337147786742016,1.0153973509933771,-0.9503311258278136,10.440397350993377,0.09271523178807947,8.8841059602649,302,33.977490141045095,477.21583216614044
test_0.7_0.35,Micro1,27.590085946744736,0.8772082394305449,0.35228918865432984,0.19652286192136492,0.5339946380697049,-0.34935656836461143,0.01876675603217158,6.396782841823057,5.093833780160858,373,15.478028596476197,515.8759757327564
test_0.75_0.35,Micro1,27.590085946744736,0.8772082394305449,0.35228918865432984,0.19652286192136492,0.5339946380697049,-0.34935656836461143,0.010723860589812333,6.396782841823057,5.093833780160858,373,15.478028596476197,515.8759757327564
test_0.25_0.6,Micro1,27.804799682928493,0.8105314372469906,0.35220495423233233,0.3016277405328608,1.2342091152815007,-0.74313672922252,9.876675603217159,0.2761394101876676,8.624664879356569,373,28.829815193000677,458.8348482725024
test_0.5_0.4,Micro2,28.16143635227765,0.785631960436167,0.2516933191440642,0.26362076416960534,0.4870198675496688,-0.41331125827814585,0.6556291390728477,3.993377483443709,3.6821192052980134,302,18.841051342835332,513.9923670666185
test_0.65_0.35,Micro1,28.252609303638064,0.9163367152488252,0.3768276158214432,0.22276951071493067,0.678445040214477,-0.38793565683646103,0.064343163538874,6.396782841823057,5.1233243967828415,373,25.350313916160975,507.9523214288318
test_0.35_0.45,Micro1,28.37268347684298,0.7497478089796763,0.3525022260021591,0.3411143262054304,0.9287399463806976,-0.723538873994638,4.597855227882038,1.806970509383378,5.18230563002681,373,32.914813284546,464.55491913025224
test_0.3_0.55,Micro1,28.841826971917705,0.8197687683018803,0.3730097336054884,0.2948085567211092,1.182680965147454,-0.6469705093833781,6.7882037533512065,0.6434316353887399,6.126005361930295,373,29.694561369913508,477.7956410219437
test_0.3_0.5,Micro1,29.27184982190586,0.8593274304407649,0.36807923559590183,0.2944761170428251,1.1850402144772123,-0.6634048257372658,6.7882037533512065,0.7962466487935657,6.265415549597855,373,30.53367751025217,448.36541268865705
test_0.4_0.45,Micro2,29.303831375626093,0.9486621308702724,0.3300117147482084,0.33569720382634255,0.8144039735099335,-0.5761920529801328,2.8410596026490067,2.1556291390728477,4.009933774834437,302,24.369302683973544,484.4473666457631
test_0.3_0.55,Micro2,29.49538643380916,0.856624784119025,0.2808386805963619,0.6913978623218736,0.761423841059603,-1.141357615894039,7.400662251655629,0.7715231788079471,6.695364238410596,302,23.899184509761426,487.36618946965876
test_0.6_0.35,Micro1,29.52008921723058,0.8921870510345323,0.33278494379284634,0.2391001630831166,0.5968096514745306,-0.43697050938337784,0.1581769436997319,6.396782841823057,5.190348525469169,373,20.8553918313944,505.1905021994333
test_0.45_0.4,Micro1,29.645457654480705,0.7758835333970242,0.4546417843951649,0.30727089450614925,0.8639410187667562,-0.5034048257372652,1.351206434316354,3.4772117962466487,3.745308310991957,373,29.09759760230329,515.4322798320633
test_0.25_0.6,Micro2,29.740739948582345,0.9072510227378519,0.44821684427218644,0.46959194889749395,1.0254635761589403,-0.9916887417218536,10.440397350993377,0.31788079470198677,9.056291390728477,302,35.27394885271173,444.4003433556849
test_0.45_0.4,Micro2,29.855111631607393,0.8463898159687467,0.29822585112962663,0.27560485173399085,0.7327152317880795,-0.5350993377483444,1.4503311258278146,3.993377483443709,4.360927152317881,302,25.52491377878235,467.75213798841366
test_0.2_0.75,Micro1,30.16724957158136,0.785049719892973,0.3469414590923021,0.3012199848391217,1.3921447721179614,-0.7898391420911531,14.60857908847185,0.01876675603217158,12.646112600536194,373,29.484806351069544,386.4865387775847
test_0.2_0.8,Micro1,30.189590947810135,0.7849189411052924,0.3469414590923021,0.3012289213896132,1.3921447721179614,-0.7898391420911531,14.60857908847185,0.013404825737265416,12.64343163538874,373,29.494404206297425,386.48738883970464
test_0.2_0.7,Micro1,30.41985219683814,0.7821293244352658,0.35601652611643064,0.30326146436049395,1.4015013404825727,-0.8011796246648796,14.60857908847185,0.03485254691689008,12.656836461126005,373,29.546460425324156,386.48405976463664
test_0.7_0.35,Micro2,30.42884136179402,0.9407746566103261,0.18994295709841597,0.15747928104769757,0.422980132450331,-0.3173509933774835,0.029801324503311258,7.311258278145695,6.052980132450331,302,14.993885020976425,477.7963319403194
test_0.75_0.35,Micro2,30.42884136179402,0.9407746566103261,0.18994295709841597,0.15747928104769757,0.422980132450331,-0.3173509933774835,0.026490066225165563,7.311258278145695,6.052980132450331,302,14.993885020976425,477.7963319403194
test_0.8_0.35,Micro2,30.42884136179402,0.9407746566103261,0.18994295709841597,0.15747928104769757,0.422980132450331,-0.3173509933774835,0.023178807947019868,7.311258278145695,6.052980132450331,302,14.993885020976425,477.7963319403194
test_0.3_0.5,Micro2,30.515467599756978,0.925112825914579,0.3214672892945071,0.7129229882261389,0.8440728476821195,-1.2129801324503307,7.400662251655629,0.9536423841059603,6.860927152317881,302,25.182737008206878,461.13957203354954
test_0.65_0.35,Micro2,30.759967189608584,0.9407746566103261,0.19081492177832768,0.1654759697894194,0.42427152317880784,-0.3294370860927153,0.0695364238410596,7.311258278145695,6.072847682119205,302,14.993885020976425,471.1804379005843
test_0.2_0.75,Micro2,30.9806844221252,0.9340757260882299,0.40084237887977797,0.44941316117840496,1.2570529801324506,-1.123741721854305,15.135761589403973,0.009933774834437087,12.973509933774835,302,40.3848824821702,384.9810815541489
test_0.2_0.8,Micro2,30.9806844221252,0.9340757260882299,0.40084237887977797,0.44941316117840496,1.2570529801324506,-1.123741721854305,15.135761589403973,0.006622516556291391,12.973509933774835,302,40.3848824821702,384.9810815541489
test_0.2_0.7,Micro2,31.03587206009429,0.914345057000709,0.40159844951995455,0.46317695808789744,1.2577814569536427,-1.15341059602649,15.135761589403973,0.046357615894039736,12.996688741721854,302,40.40855797885894,378.14517225345355
test_0.8_0.3,Micro1,31.28078823823587,1.0945371797338113,0.2648305807667004,0.19498418813937354,0.5071581769437,-0.46750670241286857,0.005361930294906166,9.664879356568365,7.7801608579088475,373,15.371032080080735,451.93065751220854
test_0.25_0.55,Micro1,31.39287751270241,0.8043441292133673,0.3636124609347453,0.3401963227549281,1.258847184986595,-0.8153619302949064,9.876675603217159,0.6407506702412868,8.914209115281501,373,31.06671944915122,405.2803025516158
test_0.2_0.65,Micro2,31.468044889008134,0.9111404377730504,0.403328603974926,0.48519185875014903,1.2647350993377486,-1.1904635761589406,15.135761589403973,0.09271523178807947,13.036423841059603,302,41.217247491420274,368.21119383145077
test_0.2_0.65,Micro1,31.524138124603677,0.771610154361146,0.3593678544127992,0.31068768581553574,1.4050938337801597,-0.8393297587131369,14.60857908847185,0.10723860589812333,12.697050938337801,373,29.664250965612617,383.8023293829605
test_0.7_0.3,Micro1,31.54888475298118,1.0945371797338113,0.36389224296509215,0.1953059039570679,0.6062198391420914,-0.4678284182305629,0.01876675603217158,9.664879356568365,7.785522788203753,373,15.371032080080735,449.2523733299029
test_0.75_0.3,Micro1,31.54888475298118,1.0945371797338113,0.36389224296509215,0.19498418813937354,0.6062198391420914,-0.46750670241286857,0.010723860589812333,9.664879356568365,7.7828418230563,373,15.371032080080735,451.93065751220854
test_0.55_0.35,Micro1,31.817700708768825,1.1004083988149724,0.6618721767118486,0.26560688513675573,0.9726809651474525,-0.48160857908847166,0.43699731903485256,6.396782841823057,5.410187667560321,373,37.10740873779941,465.40250473916393
test_0.25_0.5,Micro1,31.902100321340477,0.8422376909909909,0.3616856129837686,0.3394628872895891,1.26112600536193,-0.8327882037533515,9.876675603217159,0.7935656836461126,9.05361930294906,373,31.259521668058643,383.88481461314245
test_0.2_0.6,Micro1,32.11932458142902,0.8706649602418736,0.3567853975801661,0.33447307870682685,1.4084450402144761,-0.8796782841823055,14.60857908847185,0.2734584450402145,12.820375335120643,373,30.8226206134878,351.7633334745436
test_0.5_0.35,Micro1,32.155555436703985,1.0781779769163298,0.5325807175008185,0.2989143024736635,0.8708310991957098,-0.5194101876675602,0.5603217158176944,6.396782841823057,5.506702412868632,373,35.67563248813308,446.793712302641
test_0.65_0.3,Micro1,32.180028631444095,1.13393342552298,0.3884549903160436,0.21723619886323411,0.7506702412868634,-0.5051742627345844,0.064343163538874,9.664879356568365,7.815013404825737,373,24.924928416095018,444.0068769334765
test_0.35_0.45,Micro2,32.35905972426092,1.0810028867901251,0.3783812124023309,0.31460805456500823,0.8795695364238411,-0.671721854304636,4.933774834437086,2.1490066225165565,5.78476821192053,302,30.16729060221478,428.39938374019897
test_0.6_0.35,Micro2,32.60896948368294,0.9378100634350582,0.20817860831254403,0.2641343188906491,0.443476821192053,-0.4507615894039735,0.17218543046357615,7.311258278145695,6.139072847682119,302,17.906974450456822,454.6444449938048
test_0.4_0.4,Micro1,32.66013480062847,0.8195225229094135,0.5436436492183889,0.31661107756595985,1.098418230563003,-0.6601876675603217,2.517426273458445,3.4772117962466487,4.7801608579088475,373,32.9793114992153,467.1101681946835
test_0.4_0.4,Micro2,32.72989297085972,0.9004442468696663,0.30048678470216894,0.3781944790860355,0.8413245033112583,-0.764569536423841,2.8410596026490067,3.993377483443709,5.642384105960265,302,29.85365527973723,404.93697217674213
test_0.25_0.55,Micro2,32.74329065394761,0.8792027126187244,0.45807513030183017,0.49688691129344964,1.0467218543046357,-1.081324503311257,10.440397350993377,0.7715231788079471,9.410596026490067,302,36.43519832141815,394.6354373237627
test_0.3_0.45,Micro1,33.29576677622806,0.8117887402464907,0.3911865264283937,0.35672033430640043,1.243002680965148,-0.7739410187667568,6.7882037533512065,1.804289544235925,7.107238605898123,373,34.1844987399853,386.7173541003244
test_0.6_0.3,Micro1,33.34522837220472,1.107234648729874,0.34441231828744595,0.23139523754573124,0.6690348525469172,-0.5535656836461126,0.1581769436997319,9.664879356568365,7.884718498659518,373,20.26951502697799,441.2416508596398
test_0.7_0.3,Micro2,33.44633395710982,0.8752777255014028,0.17568880952436308,0.19776648840776598,0.4859602649006623,-0.4365562913907286,0.029801324503311258,10.841059602649006,9.086092715231787,302,19.1968827422922,398.1643230641502
test_0.75_0.3,Micro2,33.44633395710982,0.8752777255014028,0.17568880952436308,0.19776648840776598,0.4859602649006623,-0.4365562913907286,0.026490066225165563,10.841059602649006,9.086092715231787,302,19.1968827422922,398.1643230641502
test_0.8_0.3,Micro2,33.44633395710982,0.8752777255014028,0.17568880952436308,0.19776648840776598,0.4859602649006623,-0.4365562913907286,0.023178807947019868,10.841059602649006,9.086092715231787,302,19.1968827422922,398.1643230641502
test_0.65_0.3,Micro2,33.722272146955305,0.875047271628565,0.1765607742042748,0.20576317714948783,0.4872516556291392,-0.4486423841059603,0.0695364238410596,10.841059602649006,9.105960264900663,302,19.32138053478668,391.5481864413911
test_0.25_0.5,Micro2,33.996025879103534,0.9291258810042559,0.4987225027968848,0.5084747630112685,1.1293708609271522,-1.1471192052980126,10.440397350993377,0.9503311258278145,9.572847682119205,302,36.88149525193332,378.32551180086466
test_0.2_0.6,Micro2,34.02987249456276,0.9298687002408639,0.40281490740659376,0.49583967979407934,1.269966887417219,-1.233278145695364,15.135761589403973,0.31788079470198677,13.221854304635762,302,41.2856754667512,345.2754209856005
test_0.35_0.4,Micro1,34.34046335209175,0.8993851914082425,0.4841900005170011,0.3630106000983534,1.0921447721179627,-0.8305093833780165,4.597855227882038,3.4718498659517425,6.621983914209116,373,34.91197692198873,370.8689475113942
test_0.8_0.25,Micro1,34.76128499330325,0.8330284876729164,0.2628051637984676,0.1890455298690828,0.5761126005361926,-0.5232707774798928,0.005361930294906166,14.367292225201073,11.737265415549597,373,15.738462262992721,376.2031364342306
test_0.3_0.45,Micro2,34.80989562838479,1.1561428670899263,0.35426327789016465,0.7628006101767545,0.9199337748344367,-1.389437086092715,7.400662251655629,2.1456953642384105,7.917218543046357,302,29.658407311947798,349.12824363656034
test_0.7_0.25,Micro1,34.895333250675904,0.8339221427220673,0.3618668259968585,0.18936724568677715,0.6751742627345841,-0.5235924932975873,0.01876675603217158,14.367292225201073,11.742627345844504,373,15.759588268354653,373.52574590697407
test_0.45_0.35,Micro1,34.98787713704148,1.1990899164630695,0.4752760986912942,0.3594745898181333,0.9758445040214476,-0.6590616621983908,1.351206434316354,6.394101876675603,6.176943699731903,373,35.10644859645537,382.50588087047174
test_0.75_0.25,Micro1,35.02938150804856,0.8330284876729164,0.3618668259968585,0.1890455298690828,0.6751742627345841,-0.5232707774798928,0.010723860589812333,14.367292225201073,11.73994638069705,373,15.738462262992721,376.2031364342306
test_0.55_0.35,Micro2,35.14119578725814,1.00131216421984,0.3511565332573565,0.302559815579391,0.6092715231788078,-0.5421523178807948,0.5198675496688742,7.311258278145695,6.433774834437086,302,20.410247774389,405.10988868908424
test_0.2_0.55,Micro1,35.23407317605177,0.8594336439573785,0.3684777039333303,0.36222082351270524,1.4300268096514732,-0.9541018766756029,14.60857908847185,0.6380697050938338,13.117962466487935,373,33.49609781352279,311.5765504313553
test_0.35_0.4,Micro2,35.24242398667256,0.9464353614385784,0.3290279456819282,0.34125882349806214,0.9049006622516553,-0.8748344370860923,4.933774834437086,3.986754966887417,7.430463576158941,302,29.994849585840694,355.3092752882977
test_0.55_0.3,Micro1,35.3237489623402,1.314895889221177,0.6726799602373944,0.2768859862965336,1.0443967828418235,-0.6442895442359252,0.43699731903485256,9.664879356568365,8.11260053619303,373,37.07137020045406,398.77583712386894
test_0.65_0.25,Micro1,35.534213351031696,0.8730107050215123,0.38638442412705715,0.2108069239709593,0.8196246648793566,-0.5627882037533514,0.064343163538874,14.367292225201073,11.772117962466488,373,25.56190857430663,368.28022624929844
test_0.6_0.3,Micro2,35.55213654304487,0.866654723181831,0.19355047251185387,0.2712064718514747,0.5063907284768215,-0.54841059602649,0.17218543046357615,10.841059602649006,9.172185430463577,302,20.868204707410108,384.924547454866
test_0.2_0.5,Micro1,35.614768904647605,0.8955555630202107,0.3685404807454368,0.36910562035125555,1.431018766756031,-0.9796514745308305,14.60857908847185,0.7908847184986595,13.26005361930295,373,33.63480231452192,295.5351354534825
test_0.5_0.3,Micro1,35.6455567467276,1.289397079787391,0.5400213364661702,0.30700411124575777,0.939302949061663,-0.6766756032171584,0.5603217158176944,9.664879356568365,8.20911528150134,373,35.87220985456569,382.8448907506591
test_0.15_0.75,Micro2,35.755288761469934,0.8706430192997818,0.3867193444673669,0.3762201537016634,1.5018211920529814,-1.2671192052980127,21.625827814569536,0.009933774834437087,18.788079470198674,302,33.90693674313496,262.30450136617577
test_0.15_0.8,Micro2,35.755288761469934,0.8706430192997818,0.3867193444673669,0.3762201537016634,1.5018211920529814,-1.2671192052980127,21.625827814569536,0.006622516556291391,18.788079470198674,302,33.90693674313496,262.30450136617577
test_0.25_0.45,Micro1,35.75576072530733,0.8410326902190124,0.38417810444375355,0.38788007145549697,1.3156032171581766,-0.9456300268096518,9.876675603217159,1.801608579088472,9.900804289544237,373,34.834983648434104,322.3740748695046
test_0.7_0.25,Micro2,35.89316756764231,0.8879747114254333,0.18431487599811416,0.19926356890453445,0.5292715231788081,-0.5157284768211922,0.029801324503311258,15.85430463576159,13.413907284768213,302,18.413868152110208,328.5987650669311
test_0.75_0.25,Micro2,35.89316756764231,0.8879747114254333,0.18431487599811416,0.19926356890453445,0.5292715231788081,-0.5157284768211922,0.026490066225165563,15.85430463576159,13.413907284768213,302,18.413868152110208,328.5987650669311
test_0.8_0.25,Micro2,35.89316756764231,0.8879747114254333,0.18431487599811416,0.19926356890453445,0.5292715231788081,-0.5157284768211922,0.023178807947019868,15.85430463576159,13.413907284768213,302,18.413868152110208,328.5987650669311
test_0.15_0.7,Micro2,35.96650690315166,0.8794500726316147,0.3874754151075436,0.37352305499463095,1.502549668874173,-1.29433774834437,21.625827814569536,0.046357615894039736,18.811258278145694,302,33.33692377045643,262.30031749713294
test_0.15_0.75,Micro1,36.000700047458025,0.9454019916062045,0.34243893489212734,0.2888858962971562,1.435522788203753,-0.9184450402144768,21.702412868632706,0.0160857908847185,18.823056300268096,373,28.720165357314865,244.6454493650432
test_0.5_0.35,Micro2,36.01187771754272,1.031806261631288,0.31813199984375035,0.29598770373244465,0.6306622516556294,-0.5643046357615894,0.6556291390728477,7.311258278145695,6.549668874172186,302,22.191462940018077,388.6531355950199
test_0.15_0.8,Micro1,36.01288625267372,0.9458089048934069,0.34243893489212734,0.28885729933558335,1.435522788203753,-0.9184450402144768,21.702412868632706,0.010723860589812333,18.820375335120644,373,28.720575788706533,244.64627590765784
test_0.2_0.55,Micro2,36.15122715595284,0.9047004638838944,0.41170863564303717,0.5070301212024309,1.2921192052980133,-1.2803973509933777,15.135761589403973,0.7715231788079471,13.592715231788079,302,42.14403273670154,312.1716200506571
test_0.65_0.25,Micro2,36.20221834026923,0.8870807143886998,0.18518684067802585,0.20574811636590312,0.5305629139072849,-0.5282450331125828,0.0695364238410596,15.85430463576159,13.437086092715232,302,18.469304134450166,321.9822358890027
test_0.15_0.7,Micro1,36.258469881635364,0.9714734345190481,0.35134420745691736,0.29004941553038055,1.4444504021447717,-0.9291689008042892,21.702412868632706,0.032171581769437,18.839142091152816,373,29.272550128734487,244.67106606387406
test_0.15_0.65,Micro2,36.356064050513915,0.8713092329292387,0.3882305518030776,0.3863097547738806,1.5084105960264909,-1.31933774834437,21.625827814569536,0.08940397350993377,18.8476821192053,302,34.11616639896478,255.67694965400324
test_0.15_0.65,Micro1,36.6038138666121,0.9707208311257225,0.35472175319794547,0.2983709113371051,1.4479088471849861,-0.9584718498659517,21.702412868632706,0.09919571045576407,18.882037533512065,373,29.449990219459888,236.63497661678906
test_0.6_0.25,Micro1,36.66326509185214,0.8397723295374654,0.34234175209846057,0.2386815143790617,0.7379892761394101,-0.6256568364611262,0.1581769436997319,14.367292225201073,11.849865951742627,373,21.08839508852686,360.14876357621404
test_0.15_0.6,Micro1,37.109748251254416,0.9917428144465882,0.3524438830717405,0.3159548638805485,1.4507774798927613,-0.9967024128686325,21.702412868632706,0.26541554959785524,19.013404825737265,373,29.864855341798265,207.1984720121225
test_0.45_0.35,Micro2,37.148715906499795,1.092397070558988,0.33177977365150824,0.3894879044147647,0.8335430463576166,-0.8107615894039732,1.4503311258278146,7.30794701986755,7.248344370860927,302,29.025652603168965,335.78704114915024
test_0.2_0.5,Micro2,37.51193048363973,0.9094088152852713,0.4522863600249835,0.5114158125711444,1.3747682119205302,-1.3341059602649006,15.135761589403973,0.9503311258278145,13.754966887417218,302,42.29054809712157,302.2087592003117
test_0.3_0.4,Micro2,37.51602284853367,1.0082998160547627,0.32178962839547864,0.7668813971379441,0.9432450331125822,-1.4748344370860926,7.400662251655629,3.9834437086092715,9.572847682119205,302,30.409792774720415,289.1804516444594
test_0.4_0.35,Micro1,37.80136304037466,1.2190325265315036,0.5626467513041592,0.37408827224125557,1.2084450402144769,-0.8207774798927608,2.517426273458445,6.394101876675603,7.2171581769437,373,38.55723269045168,339.52900091177855
test_0.25_0.45,Micro2,37.80920623329446,1.1840905303140365,0.5337049215922172,0.5369366148327134,1.2032781456953636,-1.2977814569536408,10.440397350993377,2.142384105960265,10.635761589403973,302,41.0309053165206,286.2290245179201
test_0.3_0.4,Micro1,38.00316086763433,0.961179158087631,0.518828355211073,0.3631949336920157,1.4121715817694374,-0.8365951742627344,6.7882037533512065,3.4664879356568363,8.563002680965148,373,36.12497286262848,303.86244972666367
test_0.6_0.25,Micro2,38.02759400735805,0.8822628546660997,0.20237674275534506,0.3149538528263901,0.5493046357615895,-0.6665231788079473,0.17218543046357615,15.85430463576159,13.516556291390728,302,19.92556094580123,302.1295667096246
test_0.55_0.3,Micro2,38.13766239472738,0.9082174387063271,0.3359644852834826,0.30643522461085665,0.6717218543046358,-0.6352649006622516,0.5198675496688742,10.841059602649006,9.473509933774835,302,22.827461468122316,338.70218570881383
test_0.1_0.7,Micro2,38.14779939897533,0.9322345286616849,0.3907019378503809,0.38118165173502594,1.5879139072847686,-1.3383774834437077,28.579470198675498,0.039735099337748346,25.05298013245033,302,35.18075481695405,179.50651771608668
test_0.1_0.75,Micro2,38.195699266485946,0.9316541753973482,0.3916346089320586,0.37950477535533506,1.5879139072847686,-1.311754966887416,28.579470198675498,0.0033112582781456954,25.02980132450331,302,35.2451842420702,179.50895423006082
test_0.1_0.8,Micro2,38.195699266485946,0.9316541753973482,0.3916346089320586,0.37579616608381183,1.5879139072847686,-1.30433774834437,28.579470198675498,0.0,25.026490066225165,302,35.2451842420702,179.50895423006082
test_0.35_0.35,Micro1,38.40552388036421,1.2479885351643383,0.49543587188984506,0.43063219231656397,1.197962466487935,-0.9997855227882032,4.597855227882038,6.386058981233244,9.06970509383378,373,41.57646040327836,264.6490036605571
test_0.15_0.6,Micro2,38.41750398862007,0.8923109974582027,0.38914970191345294,0.4018413134635015,1.5133112582781463,-1.3576821192052972,21.625827814569536,0.31456953642384106,19.0364238410596,302,34.649493889907774,232.65019036699044
test_0.55_0.25,Micro1,38.45847514366708,1.0492062740872437,0.6704999670589546,0.2878071004520517,1.1131635388739956,-0.7215817694369974,0.43699731903485256,14.367292225201073,12.085790884718499,373,37.92631635133465,315.0050648502642
test_0.1_0.65,Micro2,38.52544052164957,0.9282711655089944,0.39226154049938744,0.39221350288608253,1.5937748344370863,-1.3630132450331123,28.579470198675498,0.07947019867549669,25.08609271523179,302,35.74020782862228,172.88418798280838
test_0.5_0.25,Micro1,38.668343456153394,1.021814706839676,0.5380107334745465,0.31029408442429024,1.0089812332439683,-0.7558445040214471,0.5603217158176944,14.36461126005362,12.184986595174262,373,35.84092920618016,301.74997737305426
test_0.45_0.3,Micro1,38.67049507634474,1.3520293646311023,0.4800214283462886,0.345712812401069,1.0427613941018772,-0.8169705093833775,1.351206434316354,9.659517426273458,8.88739946380697,373,33.68107649738237,337.25116332760786
test_0.2_0.45,Micro1,38.754738431338914,0.8720546519299808,0.3707052185025179,0.4236565545000971,1.4720107238605877,-1.1120107238605896,14.60857908847185,1.7882037533512065,14.120643431635388,373,35.042013134050784,236.68697104715469
test_0.8_0.2,Micro1,38.79461063589144,0.8904192458363004,0.27428657103672643,0.225677689298901,0.7143699731903485,-0.6397587131367294,0.005361930294906166,20.60053619302949,17.013404825737265,373,16.556175751258415,295.683696287908
test_0.7_0.2,Micro1,38.88397614080654,0.8907456257453541,0.37334823323511757,0.23677688500935673,0.8134316353887399,-0.6508847184986596,0.01876675603217158,20.60053619302949,17.021447721179623,373,17.129973785217306,293.0040150079166
test_0.5_0.3,Micro2,38.965574729404956,0.9384210943123108,0.2982321954982128,0.3112602797984945,0.6899337748344373,-0.6574172185430465,0.6556291390728477,10.841059602649006,9.589403973509933,302,24.869078805321916,322.2448820897149
test_0.75_0.2,Micro1,39.06270715063675,0.8904192458363004,0.37334823323511757,0.225677689298901,0.8134316353887399,-0.6397587131367294,0.010723860589812333,20.60053619302949,17.01608579088472,373,16.556175751258415,295.683696287908
test_0.1_0.75,Micro1,39.24510966191814,1.0768324128138826,0.35754903977312014,0.3071323827680074,1.559061662198391,-1.0650670241286864,29.723860589812332,0.013404825737265416,25.812332439678283,373,30.759531739941842,164.3584639057555
test_0.1_0.8,Micro1,39.250912616782756,1.0767973675178373,0.35754903977312014,0.3071340075953695,1.559061662198391,-1.0650670241286864,29.723860589812332,0.00804289544235925,25.80965147453083,373,30.76034252879553,164.3586829388558
test_0.4_0.35,Micro2,39.420216348964765,1.1569052479044837,0.32863932512564864,0.4203912926012651,0.939834437086093,-0.9313245033112585,2.8410596026490067,7.30794701986755,8.52980132450331,302,32.84144772155161,296.1271060996373
test_0.1_0.7,Micro1,39.46145633544822,1.105312512767504,0.3665347412923337,0.3079257973188143,1.5679892761394096,-1.0745844504021451,29.723860589812332,0.029490616621983913,25.828418230563003,373,31.288857877070676,164.3857600150185
test_0.15_0.55,Micro1,39.73816978827038,0.9813848292399838,0.35499893259281173,0.3329893483901114,1.466675603217158,-1.0721983914209112,21.702412868632706,0.6273458445040214,19.32171581769437,373,31.15734337710522,183.13040191714836
test_0.1_0.65,Micro1,39.779330134405555,1.1088097819180323,0.3700109862270238,0.3106337017400452,1.5715013404825737,-1.0811796246648795,29.723860589812332,0.09651474530831099,25.87667560321716,373,31.48127827075112,161.70721426155694
test_0.65_0.2,Micro1,39.90463852876115,0.9273755851879798,0.4190793547722043,0.2528518928945484,0.9791957104557646,-0.6866487935656838,0.064343163538874,20.60053619302949,17.056300268096514,373,28.21439520589785,287.7567147978513
test_0.25_0.4,Micro2,39.93295757526523,1.0873896893931754,0.4943786938587051,0.5476433914064448,1.221788079470199,-1.3807284768211912,10.440397350993377,3.980132450331126,12.288079470198676,302,41.50941972579393,236.28408322022034
test_0.7_0.2,Micro2,39.96929808743241,0.9522269367271108,0.2173945310052501,0.2122736515787871,0.6343708609271523,-0.6340397350993374,0.029801324503311258,23.12251655629139,19.60927152317881,302,19.249461525909872,226.1161135470963
test_0.75_0.2,Micro2,39.96929808743241,0.9522269367271108,0.2173945310052501,0.2122736515787871,0.6343708609271523,-0.6340397350993374,0.026490066225165563,23.12251655629139,19.60927152317881,302,19.249461525909872,226.1161135470963
test_0.8_0.2,Micro2,39.96929808743241,0.9522269367271108,0.2173945310052501,0.2122736515787871,0.6343708609271523,-0.6340397350993374,0.023178807947019868,23.12251655629139,19.60927152317881,302,19.249461525909872,226.1161135470963
test_0.25_0.4,Micro1,39.97255752525331,0.9754276599301568,0.5108043868363717,0.39052017092584124,1.4541286863270768,-1.0132171581769422,9.876675603217159,3.46112600536193,11.35656836461126,373,36.17068742318888,250.22878652216704
test_0.65_0.2,Micro2,40.0080507255228,0.9433412589128959,0.2182664956851618,0.2234615654860719,0.6356622516556293,-0.6504304635761587,0.0695364238410596,23.12251655629139,19.635761589403973,302,19.777838599994727,222.7957300045129
test_0.15_0.5,Micro1,40.06452939482079,1.0262110486565534,0.35556338247157715,0.33970406220579524,1.4682305630026808,-1.0980965147453081,21.702412868632706,0.7801608579088471,19.463806970509385,373,31.55130279603876,172.4537013430464
test_0.1_0.6,Micro2,40.10455490480021,0.956016658368616,0.3945569663565945,0.4012810672103032,1.5983774834437086,-1.3994701986754963,28.579470198675498,0.304635761589404,25.278145695364238,302,35.77132618980726,153.16322562785928
test_0.1_0.6,Micro1,40.2470867600102,1.1156182198658564,0.3676508204156631,0.3229180285230667,1.574504021447721,-1.1027882037533512,29.723860589812332,0.26273458445040215,26.010723860589813,373,31.527001840946372,140.28945812020925
test_0.2_0.45,Micro2,40.281269774351664,1.3615461773244766,0.47429704816031193,0.5409524913699599,1.4240066225165555,-1.4840397350993368,15.135761589403973,2.129139072847682,14.817880794701987,302,46.431590019817115,213.4904322032288
test_0.15_0.55,Micro2,40.361956696608324,0.9394843586978774,0.39393290546486837,0.40970378433564464,1.531490066225166,-1.3940066225165553,21.625827814569536,0.7649006622516556,19.410596026490065,302,35.35103089001533,209.58602157119932
test_0.45_0.3,Micro2,40.52276183106222,0.9915956454878063,0.3294648096621599,0.4021291461342971,0.8940728476821196,-0.9031456953642384,1.4503311258278146,10.834437086092715,10.294701986754967,302,30.72412525007857,279.2788004902588
test_0.6_0.2,Micro1,40.61221555906753,0.9023774680544489,0.3705460661216238,0.30415867770937605,0.8967560321715825,-0.767238605898123,0.1581769436997319,20.60053619302949,17.142091152815013,373,24.82773668648424,271.6030329115271
test_0.55_0.25,Micro2,40.75792102356149,0.9437639949316116,0.3445808194917068,0.3161556592461279,0.7146357615894041,-0.7599337748344372,0.5198675496688742,15.85430463576159,13.821192052980132,302,21.64489431921633,265.8630913024311
test_0.6_0.2,Micro2,40.86640650463488,0.8696427457511058,0.22654711228158958,0.30338873481581613,0.6463907284768213,-0.7902317880794699,0.17218543046357615,23.12251655629139,19.718543046357617,302,21.62752579850842,209.41499646410728
test_0.45_0.25,Micro1,40.874009642940926,1.0616635598792474,0.47133064572432953,0.35283961582987533,1.1065147453083113,-0.8984450402144766,1.351206434316354,14.35656836461126,12.863270777479892,373,34.293331240116785,266.8169596808042
test_0.35_0.35,Micro2,40.9134569815644,1.194917584378705,0.34338789259582564,0.3560506221070838,0.9936423841059602,-1.0415562913907284,4.933774834437086,7.301324503311259,10.327814569536423,302,30.461665602331554,269.58627941374584
test_0.4_0.3,Micro1,40.98932099904029,1.400709100455318,0.54763356924459,0.3620421530391934,1.2665415549597858,-0.9506166219839137,2.517426273458445,9.659517426273458,9.935656836461126,373,36.87131790970414,283.5549499285348
test_0.3_0.35,Micro1,41.18866146660821,1.200986624771962,0.5246832772487542,0.40480094840811376,1.4957372654155492,-0.9821715817694368,6.7882037533512065,6.380697050938338,11.026809651474531,373,40.32676812893695,221.16191087608618
test_0.5_0.25,Micro2,41.33731334757302,0.9679529570196551,0.30576434347324405,0.3229900197270552,0.7323841059602653,-0.7863576158940397,0.6556291390728477,15.85430463576159,13.937086092715232,302,23.925380632064048,252.7073784463111
test_0.35_0.3,Micro1,41.35942497014049,1.452015689259448,0.49572140697445394,0.4015699303288701,1.2541554959785521,-1.1286058981233242,4.597855227882038,9.648793565683647,11.793565683646113,373,39.22287183073571,216.75710601446698
test_0.15_0.5,Micro2,41.402170911224836,0.9390471686614241,0.43217103541139523,0.41490637895574267,1.613576158940398,-1.4458940397350981,21.625827814569536,0.9437086092715232,19.576158940397352,302,35.64623481705491,199.62490055135635
test_0.2_0.4,Micro1,41.882896023395894,1.035777404393446,0.49799892381679306,0.41139722021823866,1.6066219839142075,-1.1814477211796235,14.60857908847185,3.442359249329759,15.58176943699732,373,36.41565617643554,185.98495686248881
test_0.1_0.55,Micro2,41.961762977236724,1.00859481676049,0.39664907200664723,0.4118750016926135,1.6128476821192053,-1.450430463576158,28.579470198675498,0.7549668874172185,25.655629139072847,302,36.47126591680064,130.1606892970028
test_0.55_0.2,Micro1,42.06925185658818,0.9931043983932536,0.693432776162883,0.4675016025021705,1.2698659517426278,-1.1015013404825724,0.43699731903485256,20.60053619302949,17.38337801608579,373,43.32787059221501,236.99099793200398
test_0.15_0.45,Micro1,42.165419497952676,0.9591147145497879,0.3553438048885611,0.3863714234342469,1.5041286863270782,-1.2230294906166224,21.702412868632706,1.772117962466488,20.3485254691689,373,33.133407419241514,132.27930075815473
test_0.2_0.4,Micro2,42.27005757438149,1.2599950014942882,0.43826927352457223,0.5460899988819632,1.4404966887417214,-1.551721854304635,15.135761589403973,3.9635761589403975,16.47019867549669,302,46.689644277775756,170.28588402760533
test_0.1_0.55,Micro1,42.33845269586273,1.1271040127759906,0.37132378971781255,0.3459717479129602,1.588954423592493,-1.1841286863270777,29.723860589812332,0.6246648793565683,26.324396782841823,373,32.73062261349644,110.90639783401411
test_0.3_0.35,Micro2,42.388355173244165,1.3692863876125436,0.3385968202207654,0.7733610846187456,1.0268211920529804,-1.6392715231788084,7.400662251655629,7.291390728476821,12.480132450331126,302,31.64185925730371,216.9279591463913
test_0.4_0.3,Micro2,42.53420567681696,1.0499796347316206,0.31807033652826305,0.40150160941745366,0.9932450331125822,-1.0198344370860934,2.8410596026490067,10.834437086092715,11.56953642384106,302,34.06619307734391,246.22902292605667
test_0.1_0.5,Micro1,42.680516943269666,1.1574360309752836,0.37168355705148276,0.35084256178968437,1.5905361930294903,-1.2030294906166221,29.723860589812332,0.774798927613941,26.463806970509385,373,33.146061989255244,102.86668340400186
test_0.1_0.5,Micro2,42.75535153776841,1.0008742625856126,0.4345772936978462,0.41624725302479865,1.6947682119205298,-1.4962251655629124,28.579470198675498,0.9337748344370861,25.82450331125828,302,36.62381985551678,120.15378475568606
test_0.45_0.25,Micro2,42.78563212549919,1.080194894795353,0.33764730757253936,0.4059894038314022,0.9401655629139073,-1.0307284768211915,1.4503311258278146,15.847682119205299,14.655629139072847,302,30.424556623477837,219.79422653319432
test_0.25_0.35,Micro1,42.798114166086634,1.1936402996438191,0.5167537177143708,0.4173460787661506,1.5287131367292217,-1.157131367292224,9.876675603217159,6.372654155495979,13.82573726541555,373,39.31196868790053,183.57034984424973
test_0.5_0.2,Micro1,43.00465490099788,0.970546641060396,0.5649925459152879,0.4810440453035702,1.1693297587131375,-1.132707774798926,0.5603217158176944,20.597855227882036,17.487935656836463,373,44.19857344430692,228.97280905140923
test_0.15_0.45,Micro2,43.04890070816394,1.180130902383808,0.443235837281403,0.4264058076751132,1.6554304635761594,-1.5479801324503302,21.625827814569536,2.119205298013245,20.649006622516556,302,38.07763420901552,130.58670651686177
test_0.4_0.25,Micro1,43.05965503136491,1.1445157861339992,0.535276126332906,0.356958875834415,1.327292225201073,-1.0150938337801598,2.517426273458445,14.35656836461126,13.911528150134048,373,37.93440372595062,226.61379827820227
test_0.35_0.25,Micro1,43.473221951434354,1.126469257800636,0.48303411112696554,0.40822007001311467,1.310134048257373,-1.198632707774798,4.597855227882038,14.340482573726542,15.785522788203753,373,38.99225139634323,159.66512761518393
test_0.55_0.2,Micro2,43.49803640269065,0.9253877684583369,0.36628763844009365,0.29453216971502727,0.8103973509933773,-0.8709602649006619,0.5198675496688742,23.12251655629139,20.02317880794702,302,22.358789759700052,176.46029185911542
test_0.8_0.15,Micro1,43.562732932299966,0.8638200615054908,0.3246221382625382,0.26746409492054596,0.8837801608579089,-0.8363538873994636,0.005361930294906166,29.61662198391421,24.53887399463807,373,20.784495224404488,191.21498125971786
test_0.7_0.15,Micro1,43.76380531835895,0.8621945713375432,0.4236838004609296,0.2724328169938257,0.9828418230563007,-0.8462466487935655,0.01876675603217158,29.61662198391421,24.54691689008043,373,21.05794473289421,191.20910063513568
test_0.75_0.15,Micro1,43.830829447045275,0.8638200615054908,0.4236838004609296,0.26746409492054596,0.9828418230563007,-0.8363538873994636,0.010723860589812333,29.61662198391421,24.541554959785522,373,20.784495224404488,191.21498125971786
test_0.3_0.3,Micro1,43.973857656465995,1.3560397671349311,0.5153709071322815,0.3840729251016061,1.511742627345844,-1.1491957104557637,6.7882037533512065,9.638069705093834,13.761394101876675,373,38.83804108947871,184.32124481603913
test_0.35_0.3,Micro2,44.06014098711042,1.058802301868967,0.33956761551047576,0.3648757962666229,1.0580132450331117,-1.1284437086092716,4.933774834437086,10.821192052980132,13.370860927152318,302,31.99715090393045,216.4206071534649
test_0.25_0.35,Micro2,44.11476282926028,1.3146427367803726,0.49646726795156804,0.5472155046249133,1.2946026490066227,-1.533708609271522,10.440397350993377,7.288079470198675,15.201986754966887,302,41.50339603033587,170.53749840195945
test_0.5_0.2,Micro2,44.236963322488315,0.9484122806479499,0.3240246142432948,0.31653121561800307,0.824569536423841,-0.9081788079470198,0.6556291390728477,23.12251655629139,20.149006622516556,302,24.418491332450518,166.60978295110544
test_0.1_0.45,Micro1,44.256918522812796,1.078339320229353,0.372276666713837,0.3710951672038915,1.6235924932975871,-1.3158176943699735,29.723860589812332,1.7613941018766757,27.343163538873995,373,34.64047445683115,84.10709061712015
test_0.2_0.35,Micro1,44.3179965731686,1.1461872345269895,0.5076580179203437,0.4089347677898498,1.6992493297587126,-1.2812600536193026,14.60857908847185,6.343163538873995,18.040214477211798,373,38.6031875612481,129.84874357279693
test_0.15_0.4,Micro1,44.3478119719822,1.0784627285523656,0.47904246203961687,0.36869729707052556,1.6665415549597855,-1.2558713136729218,21.702412868632706,3.420911528150134,21.820375335120644,373,33.74208298075411,102.93595196496143
test_0.4_0.25,Micro2,44.372726898428944,1.1420644051071511,0.3210753734396102,0.37949784518118135,1.0309271523178802,-1.1037086092715225,2.8410596026490067,15.847682119205299,15.937086092715232,302,33.457298503762516,190.08491789880748
test_0.65_0.15,Micro1,44.41308427454303,0.9101952734109378,0.46297653632203006,0.29838091612906326,1.1421447721179634,-0.8785254691689008,0.064343163538874,29.61662198391421,24.58445040214477,373,32.60214771504793,183.28870271631095
test_0.15_0.4,Micro2,44.47469850921276,1.1084302186090114,0.40891757447628097,0.4269580586013143,1.6726490066225173,-1.5917218543046352,21.625827814569536,3.9536423841059603,22.301324503311257,302,37.80931408705337,103.84240348417862
test_0.45_0.2,Micro1,44.4892243097343,1.1067796430601295,0.4923113286021462,0.47123486779680934,1.2449597855227887,-1.2336193029490607,1.351206434316354,20.587131367292226,18.179624664879356,373,42.42197659210231,199.64372282026952
test_0.1_0.45,Micro2,44.50368942274725,1.2329983247637066,0.45526555784195144,0.4179703424613362,1.7353642384105958,-1.5873841059602634,28.579470198675498,2.096026490066225,26.90066225165563,302,38.78963847362863,70.89462797584085
test_0.7_0.15,Micro2,44.6558253706826,0.9907591331666306,0.22119588544559415,0.21860035385134244,0.7915894039735097,-0.7257284768211917,0.029801324503311258,32.996688741721854,28.271523178807946,302,19.74351439315343,150.01367493776982
test_0.75_0.15,Micro2,44.6558253706826,0.9907591331666306,0.22119588544559415,0.21860035385134244,0.7915894039735097,-0.7257284768211917,0.026490066225165563,32.996688741721854,28.271523178807946,302,19.74351439315343,150.01367493776982
test_0.8_0.15,Micro2,44.6558253706826,0.9907591331666306,0.22119588544559415,0.21585200948048153,0.7915894039735097,-0.7229801324503305,0.023178807947019868,32.996688741721854,28.2682119205298,302,19.74351439315343,153.32162195763738
test_0.65_0.15,Micro2,44.766295658305204,0.9850176508531799,0.22206785012550587,0.2287677179442033,0.7928807947019866,-0.7431788079470192,0.0695364238410596,32.996688741721854,28.29801324503311,302,20.26168881236924,146.6985062761934
test_0.6_0.15,Micro1,45.01851833541762,0.8816044704405361,0.41131322086179756,0.3330566273759402,1.0598659517426279,-0.9518230563002675,0.1581769436997319,29.61662198391421,24.67024128686327,373,29.13250729324649,175.1667197324167
test_0.6_0.15,Micro2,45.32687723089009,0.9692571543722054,0.23123790379818898,0.2928118652616821,0.8049999999999997,-0.8681788079470195,0.17218543046357615,32.996688741721854,28.380794701986755,302,23.971561999645157,136.76279356032802
test_0.35_0.25,Micro2,45.38127368546491,1.0797079386857547,0.33357553274751656,0.3989293696685476,1.0727814569536411,-1.2568874172185425,4.933774834437086,15.827814569536423,17.75496688741722,302,32.385636029711435,156.82960910436458
test_0.3_0.3,Micro2,45.43256562484497,1.2515691387876358,0.3374965674508789,0.7778748353182585,1.0871523178807947,-1.6957947019867556,7.400662251655629,10.78476821192053,15.513245033112582,302,33.145315350146305,167.10857314410717
test_0.2_0.35,Micro2,45.45105380885055,1.338141028380945,0.43658672221807004,0.5487806249751782,1.5008609271523174,-1.657450331125827,15.135761589403973,7.26158940397351,19.397350993377483,302,47.081493919757136,134.08488341722693
test_0.15_0.35,Micro1,45.47680851381636,1.1076091365534724,0.47968320334203773,0.3869895622903329,1.7425201072386072,-1.3421983914209112,21.702412868632706,6.3002680965147455,24.273458445040216,373,36.4942184286624,68.11991081579288
test_0.25_0.3,Micro1,45.500931197330786,1.3284803063958406,0.5081545075483982,0.38536730782661777,1.5531903485254668,-1.2489008042895433,9.876675603217159,9.624664879356569,16.560321715817693,373,37.609105408939264,149.410649531981
test_0.1_0.4,Micro2,45.54859917995775,1.2006284402055267,0.4200784683857989,0.41513363108321927,1.7464900662251657,-1.6186754966887404,28.579470198675498,3.9271523178807946,28.549668874172184,302,38.3758566315691,50.875991936748925
test_0.3_0.25,Micro1,45.61777943873475,1.1043338101515303,0.49673973865302,0.391040721219466,1.5497587131367303,-1.2265415549597842,6.7882037533512065,14.32975871313673,17.758713136729224,373,38.70345618969752,130.04373540884814
test_0.1_0.4,Micro1,45.726906850956965,1.1212939574778538,0.48708785192863446,0.3650786791966297,1.7652278820375331,-1.3551742627345844,29.723860589812332,3.4075067024128685,28.812332439678283,373,34.89690589559873,57.39595954135348
test_0.45_0.2,Micro2,45.742956888410674,1.0079260006473225,0.3734271222537023,0.3546026206007168,1.0612913907284758,-1.1008609271523175,1.4503311258278146,23.112582781456954,20.874172185430464,302,30.961017240573007,133.61576023899238
test_0.55_0.15,Micro1,46.066014770407435,0.9477331197283498,0.5778175554762951,0.4688913599323705,1.4036729222520106,-1.278632707774798,0.43699731903485256,29.61662198391421,24.91152815013405,373,44.55075353451528,148.54128910105393
test_0.4_0.2,Micro1,46.10782441274005,1.102752131486401,0.47828232746948707,0.4333936744281825,1.3566487935656846,-1.3027613941018756,2.517426273458445,20.587131367292226,19.23592493297587,373,39.96705804277444,162.03137083403644
test_0.35_0.2,Micro1,46.1708105920016,1.079927203220742,0.4514043449758016,0.4142161517103264,1.3450670241286875,-1.3265147453083093,4.597855227882038,20.560321715817693,21.11260053619303,373,37.79071963730652,119.1323583886702
test_0.25_0.3,Micro2,46.481545490696966,1.2239572699422014,0.49200618064798624,0.5587814938818785,1.3419536423841056,-1.5951655629139063,10.440397350993377,10.781456953642385,18.23841059602649,302,42.59282501604518,127.24839300122771
test_0.8_0.1,Micro1,46.49036453270101,0.8706397099962374,0.32312249833428025,0.2626518156866045,0.9191689008042899,-0.9435656836461123,0.005361930294906166,40.05361930294906,33.20107238605898,373,20.291231669674087,121.50005365923928
test_0.4_0.2,Micro2,46.49691693576059,1.047173029184735,0.3261237362949172,0.34794921855471234,1.1222185430463565,-1.144238410596027,2.8410596026490067,23.112582781456954,22.155629139072847,302,31.73838271529701,117.0827328872482
test_0.15_0.3,Micro1,46.56792170328248,1.241775676681737,0.4921763851995154,0.3624094060127364,1.7636997319034842,-1.3829222520107236,21.702412868632706,9.490616621983914,26.95710455764075,373,35.91446034170576,49.88725007688099
test_0.3_0.25,Micro2,46.64075261469251,1.1427051006362159,0.326684470347858,0.6301940614896262,1.089801324503311,-1.8438410596026487,7.400662251655629,15.788079470198676,19.90066225165563,302,33.47633192345965,127.16954518430977
test_0.5_0.15,Micro1,46.704202414840786,0.9302002925708746,0.5286298278473057,0.4824496737127289,1.299142091152816,-1.306461126005361,0.5603217158176944,29.613941018766756,25.021447721179623,373,45.506259121989274,140.52109946824908
test_0.2_0.3,Micro1,46.71171288108997,1.222931084913767,0.5212331771966334,0.3864239488481025,1.7410187667560297,-1.32509383378016,14.60857908847185,9.584450402144773,20.77479892761394,373,38.301431662833046,98.1553241544345
test_0.7_0.1,Micro2,46.729614974204836,0.9382961451896944,0.2164627681131473,0.3054740037853574,0.8459933774834435,-0.9669867549668869,0.029801324503311258,43.87417218543046,37.64900662251656,302,24.261306536054256,80.46426670994855
test_0.75_0.1,Micro2,46.729614974204836,0.9382961451896944,0.2164627681131473,0.3054740037853574,0.8459933774834435,-0.9669867549668869,0.026490066225165563,43.87417218543046,37.64900662251656,302,24.261306536054256,80.46426670994855
test_0.75_0.1,Micro1,46.75846104744632,0.8706397099962374,0.4221841605326718,0.2626518156866045,1.018230563002681,-0.9435656836461123,0.010723860589812333,40.05361930294906,33.20375335120644,373,20.291231669674087,121.50005365923928
test_0.65_0.1,Micro2,46.777970260013966,0.9388121382948532,0.21733473279305904,0.3156432984347845,0.8472847682119204,-0.9877814569536422,0.0695364238410596,43.87417218543046,37.67880794701987,302,24.8694276749053,73.86105217337928
test_0.8_0.1,Micro2,46.78480261217393,0.9388716312540778,0.2164627681131473,0.30439784484496,0.8459933774834435,-0.9648344370860923,0.023178807947019868,43.87417218543046,37.645695364238414,302,24.260727065855583,80.46523175581035
test_0.1_0.35,Micro1,46.93421935543796,1.1504672777484444,0.4910173262248971,0.36940616973269225,1.8380697050938335,-1.417238605898123,29.723860589812332,6.2761394101876675,31.25201072386059,373,35.33905162452977,35.98356735601047
test_0.35_0.2,Micro2,46.95652916766779,1.038081641591427,0.3446704540071505,0.38692357137173833,1.1669205298013234,-1.3064900662251653,4.933774834437086,23.089403973509935,23.990066225165563,302,32.11698794595532,93.7938954052728
test_0.7_0.1,Micro1,46.98878999761441,0.8691532017202404,0.42363188171229643,0.26500883087874033,1.019678284182306,-0.9526273458445034,0.01876675603217158,40.05361930294906,33.211796246648795,373,20.411183050583915,121.49695462777896
test_0.15_0.35,Micro2,47.04763989337839,1.195130133778263,0.40101599270470806,0.42897226811343186,1.7263576158940406,-1.6575496688741713,21.625827814569536,7.241721854304636,25.235099337748345,302,37.652115778010604,77.62116417395929
test_0.25_0.25,Micro1,47.137295673485774,1.1040625212903632,0.4899511445327783,0.37737290131051193,1.5932707774798924,-1.3033512064343158,9.876675603217159,14.305630026809652,20.549597855227884,373,37.4300753735037,105.93835406492703
test_0.1_0.35,Micro2,47.174932649728305,1.0830939727181075,0.40107783382592416,0.41911731151911724,1.7749006622516557,-1.6508278145695352,28.579470198675498,7.201986754966887,31.47682119205298,302,37.525350530293586,34.22145546960238
test_0.2_0.3,Micro2,47.316908782181685,1.1893532166822778,0.43574178114760226,0.5484535190030858,1.5593708609271517,-1.6639735099337747,15.135761589403973,10.745033112582782,22.427152317880793,302,47.8206445680833,94.16334048305772
test_0.55_0.15,Micro2,47.3197930909486,0.9682723253001635,0.36865894503585234,0.28221618852232466,0.9669867549668875,-0.9468543046357616,0.5198675496688742,32.996688741721854,28.692052980132452,302,23.131584368742608,110.33299969556022
test_0.65_0.1,Micro1,47.361493406224454,0.9097568617187562,0.450659379336309,0.2846788216713854,1.1741286863270777,-0.989517426273458,0.064343163538874,40.05361930294906,33.24932975871314,373,30.83891647533221,116.25221894522247
test_0.1_0.3,Micro1,47.38865861186595,1.2311006180429562,0.47730154979898465,0.3440412912427955,1.8361930294906148,-1.4217426273458447,29.723860589812332,9.4343163538874,33.90348525469169,373,33.451472794620265,28.432797234072087
test_0.45_0.15,Micro1,47.586247190710814,1.013303674305908,0.48708242457058515,0.4787436701420154,1.3615013404825749,-1.3934316353887393,1.351206434316354,29.597855227882036,25.715817694369974,373,43.109289326682116,113.82941260829809
test_0.5_0.15,Micro2,47.60885949314243,0.9872655372305882,0.3239497387032657,0.30598537430188283,0.9821192052980131,-0.9834768211920529,0.6556291390728477,32.996688741721854,28.81788079470199,302,25.301926336151677,100.48037599081132
test_0.25_0.25,Micro2,47.61096929292645,1.1836477205724865,0.4781703318736081,0.5617018284603836,1.337086092715232,-1.74208609271523,10.440397350993377,15.771523178807946,22.6158940397351,302,42.60707870862495,94.0002011901363
test_0.6_0.1,Micro1,47.65756941299092,0.8809782073687408,0.3959263587822429,0.3101713570863388,1.090187667560322,-1.0621447721179615,0.1581769436997319,40.05361930294906,33.33512064343164,373,27.23732973040892,113.48567758221745
test_0.6_0.1,Micro2,47.74004868157304,0.9173877277601221,0.22674088794417532,0.3532526871520438,0.8612582781456952,-1.1174172185430469,0.17218543046357615,43.87417218543046,37.7682119205298,302,26.147629167351166,70.53032911752791
test_0.3_0.2,Micro1,47.79499347475767,1.1030019370059994,0.47059151521619613,0.4009627317531094,1.5801340482573731,-1.3575603217158165,6.7882037533512065,20.549597855227884,23.093833780160857,373,38.149313673726,95.01649792759316
test_0.3_0.2,Micro2,47.90970395885595,1.0796618846050832,0.33254022347499934,0.5681637695626194,1.1645364238410585,-1.853509933774834,7.400662251655629,23.043046357615893,26.132450331125828,302,32.06196650730594,77.38028490768684
test_0.1_0.3,Micro2,48.11781119604072,1.1058083523772924,0.38854437438458456,0.40969327168397757,1.7923178807947007,-1.654139072847682,28.579470198675498,10.64569536423841,34.47682119205298,302,37.18645172167225,17.70940663325246
test_0.55_0.1,Micro1,48.162842425850684,0.9414489663214707,0.5380707350963325,0.4559152441870075,1.4285522788203757,-1.3973994638069693,0.43699731903485256,40.048257372654156,33.58176943699732,373,41.98162429633073,84.08766497337741
test_0.2_0.25,Micro1,48.19050337959616,1.0784878412779633,0.48721149324736746,0.36656973015462335,1.743002680965146,-1.3813404825737263,14.60857908847185,14.238605898123325,24.737265415549597,373,36.906523715454085,76.42662985033212
test_0.15_0.25,Micro1,48.273469834911154,1.1370053357833465,0.4620890735145972,0.33748961786607923,1.7498659517426265,-1.429839142091152,21.702412868632706,14.128686327077748,30.91152815013405,373,34.48406003891276,44.25856709507273
test_0.25_0.2,Micro1,48.29158831933981,1.1006963805732621,0.4620096326027172,0.3813698939002292,1.6202412868632707,-1.430160857908847,9.876675603217159,20.509383378016086,25.8686327077748,373,36.29752923582472,70.96487109938657
test_0.2_0.25,Micro2,48.29812272505581,1.1649208935458932,0.40663125827771285,0.569520822880694,1.5494701986754964,-1.812880794701986,15.135761589403973,15.71523178807947,26.781456953642383,302,49.614750626109505,70.91666446519959
test_0.15_0.3,Micro2,48.32626676949517,1.1987566341630613,0.39582866131748773,0.44328314836316696,1.7700000000000007,-1.6792384105960256,21.625827814569536,10.695364238410596,28.241721854304636,302,39.14633755368339,47.736366417902374
test_0.15_0.25,Micro2,48.56458346451304,1.1459570734188298,0.37666742406966663,0.42441336782074146,1.7584437086092721,-1.7395695364238404,21.625827814569536,15.652317880794701,32.58278145695364,302,38.34766848439938,37.68107750510264
test_0.25_0.2,Micro2,48.61687388790306,1.184930332654141,0.4782892154357352,0.49273934008756215,1.397152317880794,-1.7682781456953633,10.440397350993377,23.00662251655629,28.834437086092716,302,38.45980670106597,57.60019142025626
test_0.45_0.15,Micro2,48.62781302990596,1.0681217530870588,0.3684396085139956,0.3265886734223277,1.2178476821192055,-1.1504304635761589,1.4503311258278146,32.97682119205298,29.539735099337747,302,30.979631715673836,74.10781566868813
test_0.1_0.25,Micro2,48.685084226408335,1.102887077190594,0.3718797224151797,0.38970034541341575,1.7831125827814558,-1.7146357615894037,28.579470198675498,15.56953642384106,38.7682119205298,302,35.756433529740065,14.392977040125164
test_0.4_0.15,Micro1,48.747540520662085,1.0847164611561333,0.48379469803678443,0.4394480375579084,1.47319034852547,-1.4596782841823066,2.517426273458445,29.595174262734584,26.788203753351205,373,41.26216509961311,81.65529628939875
test_0.5_0.1,Micro1,48.757983597775045,0.9242924814402068,0.4894194885845749,0.4756592760197969,1.3248793565683648,-1.4402949061662178,0.5603217158176944,40.0455764075067,33.6970509383378,373,42.96232264653982,76.06433767302154
test_0.55_0.1,Micro2,48.79863466393495,0.9432945920906919,0.3478474472691637,0.3984899556750122,1.0112251655629143,-1.236854304635763,0.5198675496688742,43.87417218543046,38.08940397350993,302,29.540432310521886,47.40113752471719
test_0.35_0.15,Micro1,48.81023438308157,1.0375693174377467,0.4681532353733852,0.39715391695556423,1.4567292225201078,-1.4294101876675602,4.597855227882038,29.56300268096515,28.675603217158177,373,36.660366987185135,68.17105404296929
test_0.1_0.25,Micro1,48.83774830537975,1.1639475786514721,0.46033523076315164,0.3271866962748223,1.8403217158176932,-1.474101876675603,29.723860589812332,14.00804289544236,37.806970509383376,373,32.822985355899,25.497957976093076
test_0.35_0.15,Micro2,48.9287543440435,1.0311749471796017,0.3186078957736261,0.3370976735578217,1.2628807947019876,-1.3661258278145705,4.933774834437086,32.94701986754967,32.675496688741724,302,31.352978483569053,47.484668958235474
test_0.4_0.15,Micro2,48.962667068511564,1.0939700891340507,0.31754800458111143,0.32054069506654936,1.264437086092715,-1.2253973509933789,2.8410596026490067,32.97682119205298,30.83112582781457,302,30.225967014485953,60.8654756977164
test_0.15_0.2,Micro1,49.0597000839542,1.1348235880233681,0.43551035174033426,0.33142123017909864,1.734906166219839,-1.4983109919571043,21.702412868632706,20.2171581769437,36.14477211796247,373,33.135834440457806,28.020846808768056
test_0.3_0.15,Micro1,49.201779247072466,1.0315378470903456,0.4672669852438193,0.4049816901915331,1.6535656836461134,-1.4819571045576403,6.7882037533512065,29.498659517426272,30.62466487935657,373,38.251628312216674,49.422654936830654
test_0.1_0.2,Micro2,49.22414524986723,1.0610557882715572,0.36071079780414483,0.3679645880443657,1.7315231788079457,-1.79228476821192,28.579470198675498,22.612582781456954,44.83774834437086,302,34.11941059575495,7.744192462369139
test_0.45_0.1,Micro1,49.323653875102686,0.9814725839996218,0.45865356799551144,0.4975711396435106,1.3800000000000006,-1.5372654155495962,1.351206434316354,40.01340482573727,34.38069705093834,373,40.51877750136712,54.78292184393222
test_0.3_0.15,Micro2,49.32535110454569,1.1001755704088627,0.30913143477500254,0.4311613324555352,1.243245033112583,-1.9119205298013249,7.400662251655629,32.86754966887417,34.78476821192053,302,34.51040194472917,44.224193356087014
test_0.5_0.1,Micro2,49.37345528494513,0.9461443953904816,0.30587589353490724,0.36030155239867423,1.031158940397351,-1.2332450331125842,0.6556291390728477,43.87417218543046,38.21523178807947,302,27.996296114998447,47.40420405822194
test_0.2_0.2,Micro2,49.44842122842889,1.1181867203950144,0.4080917391613875,0.5249098718652978,1.592483443708608,-1.8956953642384091,15.135761589403973,22.8841059602649,32.96026490066225,302,45.551764036085785,44.28641443702697
test_0.1_0.2,Micro1,49.500535566396735,1.182091223304992,0.44164680301347037,0.31107863351307335,1.8551742627345842,-1.4768900804289535,29.723860589812332,20.021447721179623,42.97855227882037,373,31.36742122762676,19.984660576566196
test_0.2_0.2,Micro1,49.53623512704015,1.0885282417694027,0.45456138287306447,0.3578153210893892,1.717882037533511,-1.4752010723860585,14.60857908847185,20.394101876675602,30.010723860589813,373,35.08626493661056,62.89361606422668
test_0.25_0.15,Micro1,49.556940101572785,1.0231093592048217,0.45497361580795526,0.3810762782782027,1.6800268096514759,-1.5284986595174266,9.876675603217159,29.45308310991957,33.39946380697051,373,36.42133881592508,36.03079526100811
test_0.15_0.15,Micro1,49.62964169339102,1.0573978896473026,0.4264301019973684,0.31050418946356845,1.7759249329758708,-1.507587131367291,21.702412868632706,28.908847184986595,43.45308310991957,373,31.587485343139466,17.206105724854712
test_0.15_0.2,Micro2,49.63934886499901,1.071398304223933,0.36725414298024267,0.3963000565836825,1.7263907284768207,-1.816986754966887,21.625827814569536,22.748344370860927,38.70860927152318,302,35.86674077170722,24.386121431982215
test_0.1_0.15,Micro1,49.73783061702128,1.0836777235970332,0.4250162807078602,0.2966135398776594,1.8416621983914208,-1.4876943699731893,29.723860589812332,28.60053619302949,50.1769436997319,373,30.16264100917869,17.191841747710082
test_0.4_0.1,Micro1,49.79947947329192,0.9994092927045466,0.4471511801515238,0.4365048777282737,1.480777479892761,-1.5609651474530828,2.517426273458445,40.0053619302949,35.45040214477212,373,38.101882560824414,38.63899685560159
test_0.25_0.15,Micro2,49.891544194999796,1.2099351121686106,0.3504988310235186,0.41755515109313407,1.4492384105960268,-1.8269536423841055,10.440397350993377,32.811258278145694,37.466887417218544,302,35.58039722872457,31.097370390561306
test_0.15_0.1,Micro1,49.942544546738176,0.9929463758877652,0.40252846493663985,0.29713489430804124,1.7169973190348524,-1.5586863270777473,21.702412868632706,39.02680965147453,51.85254691689008,373,29.869268283619693,14.460082981231576
test_0.1_0.1,Micro1,49.980251412346945,1.0551875764225205,0.4061083270696998,0.2832738861450661,1.8123860589812335,-1.5079892761394087,29.723860589812332,38.56300268096515,58.46916890080429,373,28.98961629155421,14.473405400578192
test_0.25_0.1,Micro1,50.093360455160074,0.9887423277223589,0.43680878297467735,0.34478179052241154,1.6418498659517422,-1.5800536193029482,9.876675603217159,39.77479892761394,41.98927613941019,373,32.58100695193543,22.529367192010685
test_0.2_0.15,Micro1,50.20417902570427,1.0047282382601905,0.4433496647775945,0.35006049866390326,1.7782841823056301,-1.5446648793565672,14.60857908847185,29.276139410187668,37.498659517426276,373,34.61145618383191,35.96538215958688
test_0.1_0.15,Micro2,50.20644991655189,1.0302390441381166,0.33525225873218334,0.34511788429255674,1.714569536423841,-1.8281788079470203,28.579470198675498,32.026490066225165,53.11920529801324,302,32.875304929019634,4.399699832068458
test_0.35_0.1,Micro2,50.22751249096179,1.0060403850655493,0.2975505072546812,0.35710334234756697,1.3045033112582787,-1.5667218543046364,4.933774834437086,43.817880794701985,42.06622516556291,302,30.403488108161593,14.367593454279708
test_0.3_0.1,Micro1,50.228128361809844,1.0015871541132464,0.4422263984513387,0.36918860923014657,1.6091957104557653,-1.5604825737265404,6.7882037533512065,39.865951742627345,39.24396782841823,373,34.157462186166285,27.892187153200002
test_0.2_0.1,Micro1,50.26368872874415,0.9702064493219558,0.4237455075435567,0.3264261727434706,1.7132439678284164,-1.6116085790884713,14.60857908847185,39.51742627345845,46.02144772117963,373,31.547188499755148,22.49523301478809
test_0.45_0.1,Micro2,50.30659164881276,1.0200449359631858,0.35481665565975146,0.37195916941550294,1.2616556291390728,-1.3815562913907298,1.4503311258278146,43.854304635761586,38.937086092715234,302,33.89104671070663,27.676860829439793
test_0.35_0.1,Micro1,50.33760546576154,0.990901045593514,0.4430126078520513,0.37708296331283686,1.456327077747989,-1.4993297587131351,4.597855227882038,39.96246648793566,37.32975871313673,373,33.87247959057726,38.575674321279884
test_0.3_0.1,Micro2,50.34567321222618,0.980569392039276,0.2841545480080372,0.40341436776918377,1.3039735099337746,-2.130761589403973,7.400662251655629,43.711920529801326,44.16225165562914,302,32.1583228279489,11.041251156808617
test_0.2_0.15,Micro2,50.43516558551638,1.218231608657579,0.3732155873255297,0.4456185980454492,1.6351986754966887,-1.9220860927152315,15.135761589403973,32.63245033112583,41.54635761589404,302,40.370863455962315,21.15435767454021
test_0.4_0.1,Micro2,50.50590218777793,1.0480938379243991,0.3015943732417975,0.3447464698164907,1.3078807947019861,-1.4435099337748358,2.8410596026490067,43.854304635761586,40.22516556291391,302,30.763350914312813,21.097649527046592
test_0.25_0.1,Micro2,50.52685564588822,0.9731126477679544,0.30580489145560047,0.3906790357356893,1.4933443708609275,-1.984470198675497,10.440397350993377,43.63576158940398,46.824503311258276,302,32.656544002007585,11.02044608645597
test_0.15_0.15,Micro2,50.85643435756828,1.0921859656432995,0.34388209953970866,0.3638649351390654,1.7391721854304645,-1.8332450331125831,21.625827814569536,32.288079470198674,47.09602649006622,302,34.24497514456919,14.421463357349001
test_0.1_0.1,Micro2,51.027705513462486,0.9866437009150725,0.3049934669273572,0.32498484935593375,1.6998344370860925,-1.9049337748344373,28.579470198675498,42.519867549668874,62.19205298013245,302,30.822406433686204,4.375428225133944
test_0.2_0.1,Micro2,51.25977262901634,0.981628221054568,0.33030689582986317,0.396366615011187,1.6606953642384108,-2.0102649006622504,15.135761589403973,43.40066225165563,50.84437086092715,302,34.93709001386682,11.029693859492049
test_0.15_0.1,Micro2,51.29262960859229,1.0059374652331479,0.31277994863075187,0.346703785315866,1.7469867549668887,-1.9259933774834443,21.625827814569536,42.93046357615894,56.28476821192053,302,31.674245370870803,4.4362759954402256
